id_school,school_name
1,Harvard University
2,California Institute of Technology
3,Massachusetts Institute of Technology
4,Stanford University
5,Princeton University
6,University of Cambridge
7,University of Oxford
8,"University of California, Berkeley"
9,Imperial College London
10,Yale University
11,"University of California, Los Angeles"
12,University of Chicago
13,Johns Hopkins University
14,Cornell University
15,ETH Zurich – Swiss Federal Institute of Technology Zurich
16,University of Michigan
17,University of Toronto
18,Columbia University
19,University of Pennsylvania
20,Carnegie Mellon University
21,University of Hong Kong
22,University College London
23,University of Washington
24,Duke University
25,Northwestern University
26,University of Tokyo
27,Georgia Institute of Technology
28,Pohang University of Science and Technology
29,"University of California, Santa Barbara"
30,University of British Columbia
31,University of North Carolina at Chapel Hill
32,"University of California, San Diego"
33,University of Illinois at Urbana-Champaign
34,National University of Singapore
35,McGill University
36,University of Melbourne
37,Peking University
38,Washington University in St Louis
39,École Polytechnique
40,University of Edinburgh
41,Hong Kong University of Science and Technology
42,École Normale Supérieure
43,Australian National University
44,Karolinska Institute
45,University of Göttingen
46,University of Wisconsin
47,Rice University
48,École Polytechnique Fédérale de Lausanne
49,"University of California, Irvine"
50,University of Science and Technology of China
51,Vanderbilt University
52,University of Minnesota
53,Tufts University
54,"University of California, Davis"
55,Brown University
56,University of Massachusetts
57,Kyoto University
58,Tsinghua University
59,Boston University
60,New York University
61,Emory University
62,LMU Munich
63,University of Notre Dame
64,University of Pittsburgh
65,Case Western Reserve University
66,Ohio State University
67,University of Colorado Boulder
68,University of Bristol
69,"University of California, Santa Cruz"
70,Yeshiva University
71,University of Sydney
72,University of Virginia
73,University of Adelaide
74,University of Southern California
75,William & Mary
76,Trinity College Dublin
77,King’s College London
78,Stony Brook University
79,Korea Advanced Institute of Science and Technology (KAIST)
80,University of Sussex
81,The University of Queensland
82,University of York
83,Heidelberg University
84,University of Utah
85,Durham University
86,London School of Economics and Political Science
87,University of Manchester
88,"Royal Holloway, University of London"
89,Lund University
90,University of Southampton
91,University of Zurich
92,Wake Forest University
93,McMaster University
94,University College Dublin
95,George Washington University
96,University of Arizona
97,University of Basel
98,"University of Maryland, College Park"
99,Dartmouth College
100,École Normale Supérieure de Lyon
101,Technical University of Munich
102,University of Helsinki
103,University of St Andrews
104,Rensselaer Polytechnic Institute
105,"Rutgers, the State University of New Jersey"
106,Purdue University
107,National Tsing Hua University
108,University of Cape Town
109,Pennsylvania State University
110,Seoul National University
111,Hong Kong Baptist University
112,Bilkent University
113,Tokyo Institute of Technology
114,Eindhoven University of Technology
115,National Taiwan University
116,University of Hawai’i at Mānoa
117,"University of California, Riverside"
118,University of Geneva
119,KU Leuven
120,Nanjing University
121,Queen Mary University of London
122,Michigan State University
123,Technical University of Denmark
124,Ghent University
125,Lancaster University
126,Leiden University
127,University of Alberta
128,University of Glasgow
129,Stockholm University
130,Osaka University
131,University of Victoria
132,Tohoku University
133,University of Freiburg
134,University of Iowa
135,University of Bergen
136,University of Lausanne
137,University of Sheffield
138,University of Montreal
139,VU University Amsterdam
140,Pierre and Marie Curie University
141,University of Dundee
142,University of Barcelona
143,Utrecht University
144,Wageningen University and Research Center
145,University of Auckland
146,University of Birmingham
147,Alexandria University
148,Uppsala University
149,Hong Kong Polytechnic University
150,University of Aberdeen
151,Delft University of Technology
152,"Birkbeck, University of London"
153,Newcastle University
154,University of New South Wales
155,Pompeu Fabra University
156,Indiana University
157,Iowa State University
158,Georgia Health Sciences University
159,Erasmus University Rotterdam
160,University of Delaware
161,Arizona State University
162,Boston College
163,National Sun Yat-Sen University
164,Georgetown University
165,University of Amsterdam
166,University of Liverpool
167,Aarhus University
168,University of Leeds
169,University of Würzburg
170,University of Groningen
171,Sun Yat-sen University
172,Goethe University Frankfurt
173,Bielefeld University
174,Nanyang Technological University
175,University of East Anglia
176,University of Nottingham
177,University of Copenhagen
178,Humboldt University of Berlin
179,Monash University
180,University of Bonn
181,National Chiao Tung University
182,RWTH Aachen University
183,Middle East Technical University
184,University of Exeter
185,University of Twente
186,University of Konstanz
187,Karlsruhe Institute of Technology
188,University of Innsbruck
189,University of Tübingen
190,Drexel University
191,University of Cincinnati
192,Yonsei University
193,Dalhousie University
194,KTH Royal Institute of Technology
195,University of Vienna
196,Kent State University
197,University of Illinois at Chicago
198,Zhejiang University
199,Simon Fraser University
200,Swedish University of Agricultural Sciences
201,University of Wisconsin-Madison
202,University of Texas at Austin
203,University of Rochester
204,University of Bern
205,Hebrew University of Jerusalem
206,University of Florida
207,Brandeis University
208,Chinese University of Hong Kong
209,Free University of Berlin
210,University of Warwick
211,Radboud University Nijmegen
212,Medical University of South Carolina
213,Texas A&M University
214,University of Reading
215,Tel Aviv University
216,Paris Diderot University – Paris 7
217,Université Catholique de Louvain
218,University of Miami
219,Queen’s University
220,University of São Paulo
221,University of Oslo
222,University of Ottawa
223,University of Western Australia
224,City University of Hong Kong
225,Maastricht University
226,University of Leicester
227,Autonomous University of Barcelona
228,Cardiff University
229,Colorado School of Mines
230,Nagoya University
231,Northeastern University
232,Technion Israel Institute of Technology
233,Tulane University
234,Ulm University
235,Umeå University
236,University at Buffalo
237,University of Essex
238,University of Georgia
239,University of Gothenburg
240,University of Medicine and Dentistry of New Jersey
241,University of Otago
242,University of South Carolina
243,University of Strasbourg
244,University of Waterloo
245,University of Western Ontario
246,Université Libre de Bruxelles
247,Carleton University
248,Chalmers University of Technology
249,Colorado State University
250,Creighton University
251,Fudan University
252,Korea University
253,Macquarie University
254,State University of New York Albany
255,Tokyo Metropolitan University
256,University of Bologna
257,University of Calgary
258,University of Hamburg
259,University of Milan
260,University of Milan-Bicocca
261,University of Missouri
262,University of Padua
263,University of Trieste
264,Bangor University
265,Brunel University London
266,Johannes Kepler University of Linz
267,Kyushu University
268,Norwegian University of Science and Technology
269,Queen’s University Belfast
270,Ruhr University Bochum
271,Stellenbosch University
272,Tilburg University
273,TU Dresden
274,University of Bath
275,University of Graz
276,University of Kiel
277,University of Southern Denmark
278,University of Texas at Dallas
279,University of the Witwatersrand
280,University of Tsukuba
281,University of Wollongong
282,Victoria University of Wellington
283,Virginia Polytechnic Institute and State University
284,Wayne State University
285,Aberystwyth University
286,Autonomous University of Madrid
287,Hokkaido University
288,Istanbul Technical University
289,Lomonosov Moscow State University
290,Montpellier University
291,Queensland University of Technology
292,State University of Campinas
293,Technical University of Darmstadt
294,Tokyo Medical and Dental University (TMDU)
295,UiT The Arctic University of Norway
296,University of Antwerp
297,University of Crete
298,University of Guelph
299,University of Iceland
300,University of Kansas
301,University of Kentucky
302,University of Münster
303,University of Newcastle
304,University of Texas at San Antonio
305,University of Trento
306,York University
307,Aalborg University
308,Aalto University
309,Bar-Ilan University
310,"Binghamton University, State University of New York"
311,Boğaziçi University
312,Charles Darwin University
313,Charles University in Prague
314,George Mason University
315,Indian Institute of Technology Bombay
316,Jagiellonian University
317,Keele University
318,Keio University
319,Lehigh University
320,Linköping University
321,National Taiwan University of Science and Technology (Taiwan Tech)
322,Plymouth University
323,Polytechnic University of Milan
324,Sapienza University of Rome
325,Shanghai Jiao Tong University
326,Sharif University of Technology
327,Sungkyunkwan University (SKKU)
328,University College Cork
329,University of Aveiro
330,University of Canterbury
331,University of Eastern Finland
332,University of Ferrara
333,University of Hertfordshire
334,University of Houston
335,University of Hull
336,University of Liège
337,University of Manitoba
338,"University of Maryland, Baltimore County"
339,University of Modena and Reggio Emilia
340,University of Oklahoma
341,University of Pisa
342,University of Porto
343,University of South Florida
344,University of Stirling
345,University of Surrey
346,University of Tampere
347,University of Tasmania
348,University of Valencia
349,University of Waikato
350,University of Warsaw
351,Vienna University of Technology
352,Vrije Universiteit Brussel
353,Washington State University
354,Aston University
355,Auburn University
356,Clemson University
357,Curtin University
358,Deakin University
359,Flinders University
360,Georgia State University
361,Griffith University
362,Harbin Institute of Technology
363,Heriot-Watt University
364,Hiroshima University
365,Kansas State University
366,Kobe University
367,Kyung Hee University
368,La Trobe University
369,Leibniz University of Hanover
370,Liverpool John Moores University
371,Loughborough University
372,Mahidol University
373,Massey University
374,Michigan Technological University
375,National Central University
376,National Taiwan Ocean University
377,"National University of Ireland, Galway"
378,"National University of Ireland, Maynooth"
379,New Jersey Institute of Technology
380,New University of Lisbon
381,Old Dominion University
382,Polytechnic University of Catalonia
383,Polytechnic University of Turin
384,Polytechnic University of Valencia
385,Pontifical Catholic University of Chile
386,Saint Petersburg State University
387,Swansea University
388,Swinburne University of Technology
389,Tokyo University of Agriculture and Technology
390,University of Bari Aldo Moro
391,University of Coimbra
392,University of Idaho
393,University of Kent
394,University of Paris North – Paris 13
395,University of Salento
396,University of South Australia
397,University of Strathclyde
398,University of Tartu
399,University of Turku
400,University of Wyoming
401,University of Zaragoza
402,Waseda University
403,Wuhan University
404,Yuan Ze University
405,Paris-Sud University
406,Joseph Fourier University
407,Johannes Gutenberg University of Mainz
408,"St George’s, University of London"
409,University of Erlangen-Nuremberg
410,Florida Institute of Technology
411,Indian Institute of Technology Kharagpur
412,Koç University
413,Laval University
414,Mines ParisTech
415,National Research Nuclear University MePhI
416,University of Connecticut
417,University of Oregon
418,Bayreuth University
419,Oregon State University
420,University of Montana
421,University of Turin
422,Claude Bernard University Lyon 1
423,King Abdulaziz University
424,Medical University of Vienna
425,Murdoch University
426,National Cheng Kung University
427,North Carolina State University
428,Renmin University of China
429,University of Fribourg
430,University of Pavia
431,University of Portsmouth
432,University of Vermont
433,Indian Institute of Technology Roorkee
434,King Mongkut’s University of Technology Thonburi
435,National Autonomous University of Mexico
436,Paris Dauphine University
437,Southern Methodist University
438,Temple University
439,University of Duisburg-Essen
440,University of Jyväskylä
441,University of KwaZulu-Natal
442,University of Minho
443,University of Technology Sydney
444,"University of the Andes, Colombia"
445,University of Vigo
446,Panjab University
447,University of Cologne
448,University of Nebraska-Lincoln
449,University of Alaska Fairbanks
450,Wuhan University of Technology
451,"China Medical University, Taiwan"
452,Hanyang University
453,Indian Institute of Technology Delhi
454,Indian Institute of Technology Kanpur
455,King Saud University
456,San Diego State University
457,University of Florence
458,University of Navarra
459,University of Rovira i Virgili
460,Scuola Normale Superiore di Pisa
461,Syracuse University
462,Sabancı University
463,Technical University of Berlin
464,Federico Santa María Technical University
465,University of Bremen
466,University of New Mexico
467,Indian Institute of Science
468,Lappeenranta University of Technology
469,University of Macau
470,Illinois Institute of Technology
471,Novosibirsk State University
472,University of Marrakech Cadi Ayyad
473,University of Nebraska Medical Center
474,University of Stuttgart
475,Ewha Womans University
476,Isfahan University of Technology
477,Royal College of Surgeons in Ireland
478,University of Lisbon
479,University of Rome III
480,University of Seoul
481,Western Sydney University
482,University of Mannheim
483,Scuola Superiore Sant’Anna
484,University of Luxembourg
485,Charité - Universitätsmedizin Berlin
486,Copenhagen Business School
487,Florida State University
488,Oregon Health and Science University
489,Paris Descartes University
490,Peter the Great St Petersburg Polytechnic University
491,Royal Veterinary College
492,Rush University
493,Aix-Marseille University
494,University of Bordeaux
495,James Cook University
496,Justus Liebig University Giessen
497,Saint Louis University
498,"University of Tennessee, Knoxville"
499,Tomsk Polytechnic University
500,University of Greifswald
501,Gwangju Institute of Science and Technology
502,University of Hohenheim
503,Kazan Federal University
504,Medical College of Wisconsin
505,University of Naples Federico II
506,Örebro University
507,Technical University of Dortmund
508,Toulouse 1 Capitole University
509,VŠB - Technical University of Ostrava
510,University of Cyprus
511,University of St Gallen
512,Graz University of Technology
513,Instituto Superior Técnico Lisboa
514,University of Oulu
515,Panthéon-Sorbonne University – Paris 1
516,University of South Dakota
517,Lille 2 University – Health and Law
518,Verona University
519,American University
520,Bournemouth University
521,University of Brescia
522,Brno University of Technology
523,Ca’ Foscari University of Venice
524,University of Cagliari
525,Catholic University of the Sacred Heart
526,City University London
527,Complutense University of Madrid
528,Concordia University
529,Dublin City University
530,East China University of Science and Technology
531,Florida International University
532,University of Genoa
533,Howard University
534,Indian Institute of Technology Madras
535,University of Ioannina
536,Iran University of Science and Technology
537,University of Kaiserslautern
538,Louisiana State University
539,Makerere University
540,Marche Polytechnic University
541,University of Nantes
542,National and Kapodistrian University of Athens
543,National Institute of Applied Sciences of Lyon (INSA Lyon)
544,National Yang-Ming University
545,University of Neuchâtel
546,University of Nice Sophia Antipolis
547,The Open University
548,Oxford Brookes University
549,University of Palermo
550,University of Parma
551,RMIT University
552,University of Rome II – Tor Vergata
553,University of San Francisco
554,University of Saskatchewan
555,University of Siena
556,Southern Cross University
557,Tampere University of Technology
558,University of Ulsan
559,Ulster University
560,Université du Québec à Montréal
561,Universiti Teknologi Malaysia
562,University of Urbino Carlo Bo
563,Xiamen University
564,American University of Beirut
565,Amirkabir University of Technology
566,University of Arkansas
567,Babeş-Bolyai University
568,University of the Basque Country
569,Bauman Moscow State Technical University
570,Ben-Gurion University of the Negev
571,Blaise Pascal University
572,University of Burgundy
573,University of Canberra
574,University of Catania
575,Central Queensland University
576,University of Chile
577,China Agricultural University
578,Chung-Ang University
579,Czech Technical University in Prague
580,De Montfort University
581,East China Normal University
582,Edith Cowan University
583,Federal University of Rio de Janeiro
584,University of Granada
585,University of Haifa
586,Huazhong University of Science and Technology
587,Indian Institute of Technology Guwahati
588,Jadavpur University
589,Kanazawa University
590,King Fahd University of Petroleum and Minerals
591,University of La Laguna
592,University of Limerick
593,Manchester Metropolitan University
594,University of Maribor
595,Masaryk University
596,Memorial University of Newfoundland
597,Missouri University of Science and Technology
598,Montana State University
599,Monterrey Institute of Technology and Higher Education
600,National Taiwan Normal University
601,National Technical University of Athens
602,New Mexico State University
603,University of North Carolina at Greensboro
604,Oklahoma State University
605,Osaka City University
606,Otto von Guericke University of Magdeburg
607,University of Oviedo
608,Palacký University in Olomouc
609,Pontifical Catholic University of Rio de Janeiro (PUC-Rio)
610,Portland State University
611,University of Pretoria
612,Pusan National University
613,Quaid-i-azam University
614,University of Regina
615,University of Rennes 1
616,University of Salamanca
617,University of Santiago de Compostela
618,Semmelweis University
619,University of Seville
620,Université de Sherbrooke
621,Soochow University
622,South China University of Technology
623,Tallinn University of Technology
624,Tehran University of Medical Sciences
625,University of Texas at Arlington
626,Tianjin University
627,University of Toledo
628,Tongji University
629,University of Tulsa
630,United Arab Emirates University
631,University of Wisconsin-Milwaukee
632,Xi’an Jiaotong University
633,University of A Coruña
634,Adam Mickiewicz University
635,AGH University of Science and Technology
636,Ajou University
637,University of Alcalá
638,Alexandru Ioan Cuza University
639,Aligarh Muslim University
640,American University of Sharjah
641,Amrita University
642,Anadolu University
643,Andhra University
644,University of Antioquia
645,Aristotle University of Thessaloniki
646,"Asia University, Taiwan"
647,Athens University of Economics and Business
648,Auckland University of Technology
649,Austral University of Chile
650,Beijing Institute of Technology
651,Belarusian State University
652,University of Belgrade
653,"Birla Institute of Technology and Science, Pilani"
654,University of Bradford
655,University of Brasília
656,University of Brighton
657,University of Bucharest
658,Budapest University of Technology and Economics
659,Cairo University
660,University of Calcutta
661,"California State University, Long Beach"
662,Capital Medical University
663,University of Castilla-La Mancha
664,University of Central Lancashire
665,University of Cergy-Pontoise
666,Chang Gung University
667,Carlos III University of Madrid
668,"University of Chemistry and Technology, Prague"
669,Chiang Mai University
670,Chiba University
671,China University of Geosciences (Wuhan)
672,China University of Petroleum (Beijing)
673,Chonbuk National University
674,Chongqing University
675,Chonnam National University
676,Chulalongkorn University
677,Chung Yuan Christian University
678,Chungnam National University
679,Comenius University in Bratislava
680,Coventry University
681,Dalian University of Technology
682,University of Debrecen
683,University of Delhi
684,University of Dhaka
685,Dublin Institute of Technology
686,Ehime University
687,University of Electronic Science and Technology of China
688,Eötvös Loránd University
689,Erciyes University
690,Federal University of Bahia
691,Federal University of Minas Gerais
692,Federal University of Paraná (UFPR)
693,Federal University of Rio Grande do Sul
694,Federal University of Santa Catarina
695,Federal University of São Carlos
696,Federal University of Viçosa
697,Federal University of Lavras
698,Feng Chia University
699,Fu Jen Catholic University
700,Gdańsk University of Technology
701,University of Ghana
702,Gifu University
703,Glasgow Caledonian University
704,University of Greenwich
705,Hacettepe University
706,University of Huddersfield
707,Hunan University
708,University of Ibadan
709,University of Indonesia
710,Inha University
711,I-Shou University
712,Istanbul University
713,Jilin University
714,University of Jordan
715,Jordan University of Science and Technology
716,Juntendo University
717,K.N. Toosi University of Technology
718,Kaohsiung Medical University
719,Khon Kaen University
720,Kingston University
721,Kinki University
722,Konkuk University
723,Kumamoto University
724,Kyungpook National University
725,Kyushu Institute of Technology
726,University of Latvia
727,Lille 1 University – Science and Technology
728,University of Lincoln
729,University of Ljubljana
730,Miami University
731,Middlesex University
732,Moscow Institute of Physics and Technology
733,University of Murcia
734,Nagasaki University
735,University of Nairobi
736,National Chengchi University
737,National Chung Cheng University
738,National Chung Hsing University
739,National Taipei University of Technology
740,National University of Córdoba
741,National University of Science and Technology (MISiS)
742,National University of Sciences and Technology
743,Niigata University
744,Northumbria University
745,Northwestern Polytechnical University
746,Nottingham Trent University
747,Oakland University
748,Ocean University of China
749,Ohio University
750,Okayama University
751,Osaka Prefecture University
752,University of Pardubice
753,Paris-Sorbonne University – Paris 4
754,University of Patras
755,University of Pécs
756,Pontifical Catholic University of Paraná
757,Pontifical Catholic University of Rio Grande do Sul (PUCRS)
758,Pontifical Catholic University of Valparaíso
759,Prince of Songkla University
760,Qatar University
761,Rio de Janeiro State University (UERJ)
762,Rochester Institute of Technology
763,Saitama University
764,University of Salford
765,"University of Santiago, Chile (USACH)"
766,São Paulo State University (UNESP)
767,Savitribai Phule Pune University
768,University of Science and Technology Beijing
769,Sejong University
770,Shahid Beheshti University
771,Shanghai University
772,Shantou University
773,Sheffield Hallam University
774,Shinshu University
775,Showa University
776,Sichuan University
777,University of Silesia in Katowice
778,Slovak University of Technology in Bratislava
779,Sogang University
780,Sophia University
781,University of South Africa
782,Southern Federal University
783,University of Southern Mississippi
784,University of Southern Queensland
785,Suez Canal University
786,Sultan Qaboos University
787,Suranaree University of Technology
788,University of Szeged
789,Taipei Medical University
790,Taras Shevchenko National University of Kyiv
791,Technical University of Madrid
792,University of Tehran
793,University of Texas at El Paso
794,Texas Tech University
795,Tokai University
796,Tokushima University
797,Tokyo University of Marine Science and Technology
798,Tokyo University of Science
799,Tomsk State University
800,Tottori University
801,Toyohashi University of Technology
802,Universiti Kebangsaan Malaysia
803,Universiti Putra Malaysia
804,Universiti Sains Malaysia
805,Universiti Teknologi MARA
806,Ural Federal University
807,V.N. Karazin Kharkiv National University
808,Vilnius University
809,Warsaw University of Technology
810,University of West Bohemia
811,University of the West of England
812,West University of Timişoara
813,University of Westminster
814,Xidian University
815,Yeungnam University
816,Yıldız Technical University
817,Yokohama City University
818,Yokohama National University
819,Massachusetts Institute of Technology (MIT)
820,"University of California, San Francisco"
821,The Johns Hopkins University
822,University of Wisconsin - Madison
823,The University of Tokyo
824,University of Michigan - Ann Arbor
825,Swiss Federal Institute of Technology Zurich
826,"The Imperial College of Science, Technology and Medicine"
827,"University of Minnesota, Twin Cities"
828,Washington University in St. Louis
829,University of Colorado at Boulder
830,Rockefeller University
831,The University of Texas at Austin
832,The University of Manchester
833,University of Paris Sud (Paris 11)
834,Pierre and Marie  Curie University - Paris 6
835,Pennsylvania State University - University Park
836,Technical University Munich
837,The University of Texas Southwestern Medical Center at Dallas
838,The University of Edinburgh
839,University of Munich
840,The Hebrew University of Jerusalem
841,"Rutgers, The State University of New Jersey - New Brunswick"
842,Purdue University - West Lafayette
843,University of Heidelberg
844,The Ohio State University - Columbus
845,King's College London
846,Ecole Normale Superieure - Paris
847,The Australian National University
848,Moscow State University
849,Arizona State University - Tempe
850,Indiana University Bloomington
851,University of Goettingen
852,The University of Sheffield
853,Texas A&M University - College Station
854,University of Frankfurt
855,Baylor College of Medicine
856,Catholic University of Leuven
857,Catholic University of Louvain
858,Mayo Medical School
859,Swiss Federal Institute of Technology of Lausanne
860,Technion-Israel Institute of Technology
861,The University of Georgia
862,The University of Western Australia
863,University of Hawaii at Manoa
864,University of Massachusetts Amherst
865,University of Massachusetts Medical School - Worcester
866,University of Muenster
867,University of Paris Diderot (Paris 7)
868,University of Roma - La Sapienza
869,University of Sao Paulo
870,University of Tuebingen
871,University of Wuerzburg
872,Weizmann Institute of Science
873,Erasmus University
874,Joseph Fourier University (Grenoble 1)
875,Louisiana State University - Baton Rouge
876,Mount Sinai School of Medicine
877,North Carolina State University - Raleigh
878,State University of New York at Stony Brook
879,The Chinese University of Hong Kong
880,The University of Alabama at Birmingham
881,The University of Calgary
882,The University of Glasgow
883,The University of Texas Health Science Center at Houston
884,The University of Texas M. D. Anderson Cancer Center
885,University Libre Bruxelles
886,University of Buenos Aires
887,University of Kansas - Lawrence
888,University of Koeln
889,University of Mainz
890,"University of Maryland, Baltimore"
891,University of Nebraska - Lincoln
892,University of Paris Descartes (Paris 5)
893,University of Tennessee - Knoxville
894,University of Wageningen
895,Virginia Commonwealth University
896,Dresden University of Technology
897,Korea Advanced Institute of Science and Technology
898,Paul Sabatier University (Toulouse 3)
899,Polytechnic Institute of Milan
900,"Queen Mary, U. of London"
901,Queen's University
902,Royal Institute of Technology
903,State University of New York at Buffalo
904,The George Washington University
905,The Hong Kong Polytechnic University
906,The Hong Kong University of Science and Technology
907,The University of Adelaide
908,The University of Auckland
909,The University of Connecticut - Storrs
910,The University of Hong Kong
911,The University of New Mexico - Albuquerque
912,The University of Reading
913,The University of Texas Health Science Center at San Antonio
914,Umea University
915,University of Bochum
916,University of Central Florida
917,University of Colorado at Denver
918,University of Duesseldorf
919,University of Durham
920,University of Leipzig
921,University of Liege
922,University of Lorraine
923,University of Maastricht
924,University of Marburg
925,University of Medicine and Dentistry New Jersey
926,University of Missouri - Columbia
927,University of Montpellier 2
928,University of Paris Dauphine (Paris 9)
929,University of South Carolina - Columbia
930,Washington State University - Pullman
931,Western University
932,Brigham Young University
933,City University of New York City College
934,Ecole Polytechnique
935,Eotvos Lorand University
936,Indiana University-Purdue University at Indianapolis
937,Industrial Physics and Chemistry Higher Educational Institution - Paris
938,Karlsruhe Institute of Technology (KIT)
939,King Fahd University of Petroleum & Minerals
940,Medical University of Innsbruck
941,Queen's University Belfast
942,Sao Paulo State University
943,Scuola Normale Superiore - Pisa
944,Shandong University
945,State University of New York at Albany
946,State University of New York Health Science Center at Brooklyn
947,Stockholm School of Economics
948,Sungkyunkwan University
949,Technical University Darmstadt
950,The University of Dundee
951,The University of Montana - Missoula
952,The University of Texas at Dallas
953,The University of Texas Medical Branch at Galveston
954,Thomas Jefferson University
955,Tokyo Medical and Dental University
956,University of Alaska - Fairbanks
957,University of Bielefeld
958,University of Bordeaux 1
959,University of Genova
960,University of Halle-Wittenberg
961,University of Jena
962,University of New Hampshire - Durham
963,University of Oklahoma - Norman
964,University of Regensburg
965,University of Rhode Island
966,University of Roma - Tor Vergata
967,University of Ulm
968,Beijing Normal University
969,Beijing University of Aeronautics and Astronautics
970,Catholic University of Chile
971,Curtin University of Technology
972,Ecole National Superieure Mines - Paris
973,Ecole Normale Superieure - Lyon
974,Federal University of Sao Paulo
975,Hannover Medical School
976,Lanzhou University
977,Linkoping University
978,London School of Hygiene and Tropical Medicine
979,Medical University of Graz
980,Montana State University - Bozeman
981,Nankai University
982,Nara Institute of Science and Technology
983,National Yang Ming University
984,Nihon University
985,Southeast University
986,Technical University of Braunschweig
987,The University of Connecticut Health Center
988,The University of Texas at San Antonio
989,The University of Tokushima
990,University of Arkansas at Fayetteville
991,University of Bari
992,University of Bayreuth
993,University of Giessen
994,University of Hannover
995,University of Jyvaskyla
996,University of Malaya
997,University of Milan - Bicocca
998,University of Nevada - Reno
999,University of Perugia
1000,University of Pompeu Fabra
1001,University of Quebec
1002,University of Santiago Compostela
1003,University of Sherbrooke
1004,"University of Technology, Sydney"
1005,University of Tromso
1006,University of Versailles
1007,University of Wisconsin - Milwaukee
1008,University of Zagreb
1009,Vrije University Brussel
1010,Xian Jiao Tong University
1011,Yamaguchi University
1012,Massachusetts Institute of Technology (MIT)
1013,The Johns Hopkins University
1014,"University of California, San Francisco"
1015,University of Wisconsin - Madison
1016,The University of Tokyo
1017,University of Michigan - Ann Arbor
1018,Swiss Federal Institute of Technology Zurich
1019,"The Imperial College of Science, Technology and Medicine"
1020,"University of Minnesota, Twin Cities"
1021,Washington University in St. Louis
1022,Rockefeller University
1023,University of Colorado at Boulder
1024,The University of Texas at Austin
1025,University of Paris Sud (Paris 11)
1026,The University of Manchester
1027,Pierre and Marie  Curie University - Paris 6
1028,The University of Texas Southwestern Medical Center at Dallas
1029,Pennsylvania State University - University Park
1030,The University of Edinburgh
1031,Technical University Munich
1032,The Hebrew University of Jerusalem
1033,Purdue University - West Lafayette
1034,University of Munich
1035,"Rutgers, The State University of New Jersey - New Brunswick"
1036,University of Heidelberg
1037,The Australian National University
1038,The Ohio State University - Columbus
1039,King's College London
1040,Ecole Normale Superieure - Paris
1041,Technion-Israel Institute of Technology
1042,Arizona State University - Tempe
1043,Moscow State University
1044,Indiana University Bloomington
1045,Texas A&M University - College Station
1046,Weizmann Institute of Science
1047,The University of Western Australia
1048,Aix Marseille University
1049,Baylor College of Medicine
1050,Catholic University of Leuven
1051,Catholic University of Louvain
1052,Joseph Fourier University (Grenoble 1)
1053,Mayo Medical School
1054,Swiss Federal Institute of Technology of Lausanne
1055,The University of Georgia
1056,The University of Sheffield
1057,University of Frankfurt
1058,University of Goettingen
1059,University of Hawaii at Manoa
1060,University of Massachusetts Amherst
1061,University of Massachusetts Medical School - Worcester
1062,University of Muenster
1063,University of Paris Diderot (Paris 7)
1064,University of Roma - La Sapienza
1065,University of Sao Paulo
1066,University of Wageningen
1067,Erasmus University
1068,Mount Sinai School of Medicine
1069,North Carolina State University - Raleigh
1070,State University of New York at Stony Brook
1071,The Chinese University of Hong Kong
1072,The University of Auckland
1073,The University of Glasgow
1074,The University of Hong Kong
1075,The University of Texas Health Science Center at Houston
1076,The University of Texas M. D. Anderson Cancer Center
1077,University Libre Bruxelles
1078,University of Buenos Aires
1079,University of Koeln
1080,University of Mainz
1081,"University of Maryland, Baltimore"
1082,University of Nebraska - Lincoln
1083,University of Paris Descartes (Paris 5)
1084,University of Tennessee - Knoxville
1085,University of Tuebingen
1086,University of Wuerzburg
1087,Virginia Commonwealth University
1088,Dresden University of Technology
1089,Karlsruhe Institute of Technology (KIT)
1090,Korea Advanced Institute of Science and Technology
1091,Louisiana State University - Baton Rouge
1092,Paul Sabatier University (Toulouse 3)
1093,Polytechnic Institute of Milan
1094,"Queen Mary, U. of London"
1095,Queen's University
1096,Royal Institute of Technology
1097,Scuola Normale Superiore - Pisa
1098,State University of New York at Buffalo
1099,Sungkyunkwan University
1100,The George Washington University
1101,The Hong Kong Polytechnic University
1102,The Hong Kong University of Science and Technology
1103,The University of Adelaide
1104,The University of Alabama at Birmingham
1105,The University of Calgary
1106,The University of Connecticut - Storrs
1107,The University of New Mexico - Albuquerque
1108,The University of Reading
1109,Thomas Jefferson University
1110,Umea University
1111,University of Bochum
1112,University of Central Florida
1113,University of Colorado at Denver
1114,University of Duesseldorf
1115,University of Durham
1116,University of Kansas - Lawrence
1117,University of Leipzig
1118,University of Liege
1119,University of Lorraine
1120,University of Maastricht
1121,University of Marburg
1122,University of Medicine and Dentistry New Jersey
1123,University of Missouri - Columbia
1124,University of Montpellier 2
1125,Massachusetts Institute of Technology (MIT)
1126,The Johns Hopkins University
1127,"University of California, San Francisco"
1128,University of Wisconsin - Madison
1129,Swiss Federal Institute of Technology Zurich
1130,The University of Tokyo
1131,University of Michigan - Ann Arbor
1132,"The Imperial College of Science, Technology and Medicine"
1133,"University of Minnesota, Twin Cities"
1134,Washington University in St. Louis
1135,University of Colorado at Boulder
1136,Rockefeller University
1137,The University of Texas at Austin
1138,Pierre and Marie  Curie University - Paris 6
1139,University of Paris Sud (Paris 11)
1140,The University of Manchester
1141,The University of Texas Southwestern Medical Center at Dallas
1142,Technical University Munich
1143,The University of Edinburgh
1144,Pennsylvania State University - University Park
1145,University of Heidelberg
1146,Purdue University - West Lafayette
1147,The Hebrew University of Jerusalem
1148,"Rutgers, The State University of New Jersey - New Brunswick"
1149,University of Munich
1150,The Ohio State University - Columbus
1151,The Australian National University
1152,King's College London
1153,Ecole Normale Superieure - Paris
1154,Technion-Israel Institute of Technology
1155,Arizona State University - Tempe
1156,Moscow State University
1157,Indiana University Bloomington
1158,The University of Western Australia
1159,Weizmann Institute of Science
1160,University of California-Berkeley
1161,University of Michigan-Ann Arbor
1162,The University of Melbourne
1163,University of Pittsburgh-Pittsburgh Campus
1164,Swiss Federal Institute of Technology Lausanne
1165,Texas A & M University
1166,The University of New South Wales
1167,University Paris Diderot - Paris 7
1168,Icahn School of Medicine at Mount Sinai
1169,Norwegian University of Science and Technology - NTNU
1170,"Queen Mary, University of London"
1171,Western University (The University of Western Ontario)
1172,Beihang University
1173,Central South University
1174,ESPCI ParisTech
1175,London School of Hygiene & Tropical Medicine
1176,SUNY at Albany
1177,UNESP
1178,University of Campinas
1179,Brunel University
1180,Capital University of Medical Sciences
1181,Catholic University of Korea
1182,King Abdullah University of Science and Technology
1183,Nanjing Medical University
1184,Peking Union Medical College
1185,University of Arkansas at Little Rock
1186,University of Auvergne
1187,University of Rostock
1188,"University of Science, Malaysia"
1189,University of Tennessee Health Science Center
1190,Utah State University
1191,University of Michigan-Ann Arbor
1192,University of Paris-Sud (Paris 11)
1193,The University of Melbourne
1194,"University of Pittsburgh, Pittsburgh Campus"
1195,Université libre de Bruxelles (ULB)
1196,Icahn School of Medicine at Mount Sinai
1197,Norwegian University of Science and Technology - NTNU
1198,Swiss Federal Institute of Technology Lausanne
1199,The University of New South Wales
1200,University Paris Diderot - Paris 7
1201,Vrije Universiteit Brussel (VUB)
1202,Toulouse School of Economics
1203,"University at Buffalo, the State University of New York"
1204,University of Alabama at Birmingham
1205,University of Montpellier
1206,Beihang University
1207,Central South University
1208,China Medical University
1209,ESPCI ParisTech
1210,King Abdullah University of Science and Technology
1211,London School of Hygiene & Tropical Medicine
1212,Paris Dauphine University (Paris 9)
1213,"The University of Newcastle, Australia"
1214,UNESP
1215,University at Albany (State University of New York)
1216,University of Campinas
1217,University of Montana - Missoula
1218,Brunel University
1219,Catholic University of Korea
1220,Nanjing Medical University
1221,Peking Union Medical College
1222,University of Arkansas at Little Rock
1223,University of Auvergne
1224,University of Rostock
1225,"University of Science, Malaysia"
1226,Utah State University
1227,Swiss Federal Institute of Technology in Zurich
1228,University of Wisconsin–Madison
1229,University of Illinois at Urbana–Champaign
1230,University of Texas Southwestern Medical Center
1231,"University of Michigan, Ann Arbor"
1232,University of Washington - Seattle
1233,"Purdue University, West Lafayette"
1234,University of Paris-Sud
1235,Technion – Israel Institute of Technology
1236,"Ohio State University, Columbus"
1237,École normale supérieure - Paris
1238,Pierre-and-Marie-Curie University
1239,"Pennsylvania State University, University Park"
1240,Swiss Federal Institute of Technology in Lausanne
1241,University of Pittsburgh - Pittsburgh Campus
1242,Rutgers University-New Brunswick
1243,"Texas A&M University, College Station"
1244,Ruprecht Karl University of Heidelberg
1245,Ludwig Maximilian University of Munich
1246,University of Queensland
1247,Williams College
1248,University of Texas MD Anderson Cancer Center
1249,Swiss Federal Institute of Technology in Zurich
1250,University of Wisconsin–Madison
1251,University of Illinois at Urbana–Champaign
1252,University of Washington - Seattle
1253,"University of Michigan, Ann Arbor"
1254,University of Paris-Sud
1255,"Purdue University, West Lafayette"
1256,Rutgers University-New Brunswick
1257,University of Texas Southwestern Medical Center
1258,Pierre-and-Marie-Curie University
1259,"Pennsylvania State University, University Park"
1260,"Ohio State University, Columbus"
1261,École normale supérieure - Paris
1262,Technion – Israel Institute of Technology
1263,Ludwig Maximilian University of Munich
1264,University of Pittsburgh - Pittsburgh Campus
1265,Ruprecht Karl University of Heidelberg
1266,"Texas A&M University, College Station"
1267,Swiss Federal Institute of Technology in Lausanne
1268,Indiana University - Bloomington
1269,University of Texas MD Anderson Cancer Center
1270,Paris Diderot University - Paris 7
1271,Swiss Federal Institute of Technology in Zurich
1272,"University of Michigan, Ann Arbor"
1273,University of Wisconsin–Madison
1274,University of Illinois at Urbana–Champaign
1275,University of Washington - Seattle
1276,Rutgers University-New Brunswick
1277,École normale supérieure - Paris
1278,"Pennsylvania State University, University Park"
1279,"Ohio State University, Columbus"
1280,University of Paris-Sud
1281,"Purdue University, West Lafayette"
1282,University of Pittsburgh - Pittsburgh Campus
1283,University of Texas Southwestern Medical Center
1284,Pierre-and-Marie-Curie University
1285,Ludwig Maximilian University of Munich
1286,Ruprecht Karl University of Heidelberg
1287,Swiss Federal Institute of Technology in Lausanne
1288,Katholieke Universiteit Leuven
1289,University of Texas MD Anderson Cancer Center
1290,"Texas A&M University, College Station"
1291,Technion – Israel Institute of Technology
1292,Indiana University - Bloomington
1293,University of Queensland
1294,University of Colorado Denver
1295,Albert Ludwig University of Freiburg
1296,Paris Diderot University - Paris 7
1297,Indiana University-Purdue University Indianapolis
1298,University of South Florida - Tampa
1299,Oregon Health & Science University
1300,University of Massachusetts Medical School
1301,University of Missouri–Columbia
1302,"Trinity College, Dublin"
1303,Julius-Maximilian's University of Würzburg
1304,University of Oklahoma - Norman Campus
1305,University of Texas Health Science Center at San Antonio
1306,Paul Sabatier University - Toulouse III
1307,University of Düsseldorf
1308,Colorado State University - Fort Collins
1309,University of Texas Health Science Center at Houston
1310,Wageningen University and Research Centre
1311,City College of New York
1312,"Washington State University, Pullman"
1313,Leipzig University
1314,London School of Economics
1315,Wesleyan University
1316,University of Louisville
1317,University of Rome Tor Vergata
1318,Darmstadt University of Technology
1319,Vita-Salute San Raffaele University
1320,University of Nebraska–Lincoln
1321,"St George's, University of London"
1322,College of William and Mary
1323,Oklahoma State University–Stillwater
1324,University of Verona
1325,"University at Albany, SUNY"
1326,University of Alabama - Tuscaloosa
1327,University of Texas Medical Branch at Galveston
1328,Saarland University
1329,Cranfield University
1330,Xi'an Jiaotong University
1331,University of Bordeaux II
1332,University of New Hampshire
1333,Versailles Saint-Quentin-en-Yvelines University
1334,Georgia Regents University
1335,Gyeongsang National University
1336,University of Bordeaux I
1337,West Virginia University
1338,University of Mississippi - Oxford Campus
1339,University of Arkansas for Medical Sciences
1340,University of Tokushima
1341,Loyola University Chicago
1342,Innsbruck Medical University
1343,"University of Nevada, Reno"
1344,University of Nebraska Omaha
1345,Baylor University
1346,University of Arkansas - Fayetteville
1347,Texas Tech University (TTU)
1348,University of Akron
1349,University of Denver
1350,Grenoble Institute of Technology
1351,University of Hanover
1352,Otto-von-Guericke University Magdeburg
1353,Mississippi State University
1354,Martin Luther University of Halle-Wittenberg
1355,Graduate University for Advanced Studies
1356,Dongguk University
1357,University of Málaga
1358,New York Medical College
1359,SUNY Downstate Medical Center
1360,École Centrale Paris
1361,University of Montpellier 1
1362,University of Potsdam
1363,University of Udine
1364,University of Wisconsin–Milwaukee
1365,University of Dayton
1366,Tokyo Women's Medical University
1367,Nagoya City University
1368,University of Savoy
1369,University of Tromsø - The Arctic University of Norway
1370,University of Missouri–Kansas City
1371,University Lille 1: Sciences and Technologies
1372,National Polytechnic Institute of Toulouse
1373,Kagoshima University
1374,Shizuoka University
1375,Second University of Naples
1376,International School for Advanced Studies
1377,University of Los Andes (Colombia)
1378,LSU Health Sciences Center New Orleans
1379,Southern Illinois University Carbondale
1380,Tata Institute of Fundamental Research
1381,Northern Illinois University
1382,Dankook University
1383,Binghamton University
1384,Université de Namur
1385,Central China Normal University
1386,University of New Orleans
1387,Paris-Est Créteil Val-de-Marne University
1388,University of L'Aquila
1389,University of Poitiers
1390,Albany Medical College
1391,Federal University of São Paulo
1392,Open University (UK)
1393,Universidade Nova de Lisboa
1394,Texas A&M Health Science Center
1395,Braunschweig University of Technology
1396,Louisiana Tech University
1397,State University of New York Upstate Medical University
1398,University of Windsor
1399,Rovira i Virgili University
1400,Gunma University
1401,Kindai University
1402,University of Alicante
1403,Lille 2 University of Health and Law
1404,Sapporo Medical University
1405,Banaras Hindu University
1406,Northeast Normal University
1407,University of Québec at Montreal
1408,Loma Linda University
1409,University of Insubria
1410,"University of Nevada, Las Vegas"
1411,University of Messina
1412,"University François Rabelais, Tours"
1413,"UNESP, São Paulo State University"
1414,Toho University
1415,Beijing University of Chemical Technology
1416,"Rutgers, The State University of New Jersey - Newark"
1417,University of Paris 13
1418,University of Toyama
1419,Jichi Medical University
1420,Roma Tre University
1421,Åbo Akademi University
1422,"University of Maine, Orono"
1423,Marquette University
1424,Kaiserslautern University of Technology
1425,University of Girona
1426,Hasselt University
1427,Nanjing University of Science and Technology
1428,"University of Natural Resources and Life Sciences, Vienna"
1429,Soochow University (Suzhou)
1430,University of the Balearic Islands
1431,Fuzhou University
1432,University of Memphis
1433,San Francisco State University
1434,East Carolina University
1435,University of Augsburg
1436,University of Missouri–St. Louis
1437,Kyoto Prefectural University of Medicine
1438,Kitasato University
1439,University of North Carolina at Charlotte
1440,"G. d'Annunzio University, Chieti-Pescara"
1441,University of Cantabria
1442,Miguel Hernández University of Elche
1443,Donghua University
1444,University of Alabama in Huntsville
1445,Mie University
1446,Hunter College
1447,University of Ulster
1448,University of Évry Val d'Essonne
1449,University of Salerno
1450,National University of La Plata
1451,University of Yamanashi
1452,North Dakota State University - Main Campus
1453,"University of North Texas, Denton"
1454,University of Mississippi Medical Center
1455,"Paul Valéry University, Montpellier III"
1456,University of Hyogo
1457,The Catholic University of America
1458,National Polytechnic Institute
1459,Jikei University School of Medicine
1460,University of Valladolid
1461,University of Calabria
1462,University of Lübeck
1463,Kurume University
1464,Yamagata University
1465,University of Córdoba (Spain)
1466,University of Mons
1467,Saga University
1468,Clarkson University
1469,University of South Alabama
1470,Inje University
1471,University of Caen Lower Normandy
1472,University of Castilla–La Mancha
1473,Saitama Medical University
1474,University of Electro-Communications
1475,Jawaharlal Nehru Centre for Advanced Scientific Research
1476,"Putra University, Malaysia"
1477,Institut national des sciences Appliquées de Lyon
1478,University of Perpignan Via Domitia
1479,University of Miyazaki
1480,Second Military Medical University
1481,Northern Arizona University
1482,École Polytechnique de Montréal
1483,Fukuoka University
1484,Nagoya Institute of Technology
1485,Ankara University
1486,University of Rouen
1487,Bowling Green State University
1488,Norwegian University of Life Sciences
1489,University of Picardie Jules Verne
1490,University of Concepción
1491,China Medical University (Taiwan)
1492,Wilfrid Laurier University
1493,"Palacký University, Olomouc"
1494,Ege University
1495,"University of Eastern Piedmont Amedeo Avogadro"""""
1496,University of Salzburg
1497,University of Massachusetts Lowell
1498,Jaume I University
1499,Zhengzhou University
1500,Kangwon National University
1501,"Royal Veterinary College, University of London"
1502,Wright State University - Dayton
1503,Sofia University
1504,Magna Græcia University of Catanzaro
1505,Chungbuk National University
1506,Kōchi University
1507,University of New Brunswick
1508,"Queens College, City University of New York"
1509,Chosun University
1510,Ritsumeikan University
1511,University of Sassari
1512,Nanjing Normal University
1513,University of Franche-Comté
1514,Rio de Janeiro State University
1515,Jinan University
1516,University of Massachusetts Boston
1517,University of the Ryukyus
1518,University of Angers
1519,Fluminense Federal University
1520,Trent University
1521,Hamamatsu University School of Medicine
1522,University of Fukui
1523,Nanjing University of Technology
1524,"All India Institute of Medical Sciences, New Delhi"
1525,Kyoto Institute of Technology
1526,University of Camerino
1527,Hirosaki University
1528,University of North Dakota
1529,University of Extremadura
1530,Teikyo University
1531,Jiangnan University
1532,Adam Mickiewicz University in Poznań
1533,University of Veterinary Medicine Vienna
1534,University of Cádiz
1535,Florida Atlantic University
1536,Huazhong Agricultural University
1537,Brock University
1538,University of Lleida
1539,Shanghai Normal University
1540,Jean Monnet University
1541,Shimane University
1542,University of Orléans
1543,University of Siegen
1544,"University of Wales, Trinity Saint David"
1545,National Taiwan University of Science and Technology
1546,University of Western Brittany
1547,Nanjing Agricultural University
1548,Gazi University
1549,National University of Colombia
1550,University of Jaén
1551,Pukyong National University
1552,University of Western Sydney
1553,Northeastern University (China)
1554,University of Osnabrück
1555,University of Hyderabad
1556,Northwest University (China)
1557,University of Wrocław
1558,Nicolaus Copernicus University in Toruń
1559,Federal University of Santa Maria
1560,Chemnitz University of Technology
1561,Southwest University
1562,Wrocław University of Technology
1563,"University of California, Merced"
1564,University of Thessaly
1565,University of Basilicata
1566,Federal University of Paraná
1567,University of Almería
1568,Hallym University
1569,Fourth Military Medical University
1570,University of the Republic (Uruguay)
1571,Dokuz Eylül University
1572,Nanjing University of Aeronautics and Astronautics
1573,Public University of Navarre
1574,University of New England (Australia)
1575,Federal University of Pernambuco
1576,Jiangsu University
1577,Third Military Medical University
1578,South China Normal University
1579,Xiangtan University
1580,Yangzhou University
1581,University of Reims Champagne-Ardenne
1582,Ibaraki University
1583,Chung Shan Medical University
1584,University of Silesia
1585,Southern Medical University
1586,Shiraz University
1587,Mansoura University
1588,Beijing Jiaotong University
1589,University of Valenciennes and Hainaut-Cambresis
1590,University of the Algarve
1591,Federal University of Ceará
1592,Ain Shams University
1593,University of Oldenburg
1594,Hunan Normal University
1595,Western Michigan University
1596,Ryerson University
1597,South China Agricultural University
1598,China Pharmaceutical University
1599,Tarbiat Modares University
1600,University of Puerto Rico at Mayagüez
1601,National University of Rosario
1602,University of Pau and Pays de l'Adour
1603,Zhejiang University of Technology
1604,China Medical University (PRC)
1605,Federal University of ABC
1606,King Juan Carlos University
1607,Beijing University of Technology
1608,Guangxi University
1609,Northwest A&F University
1610,Shanxi University
1611,Tamkang University
1612,Harbin Medical University
1613,Zhejiang Normal University
1614,University of Maine (Le Mans)
1615,National Dong Hwa University
1616,Shaanxi Normal University
1617,National University of Defense Technology
1618,Yanbian University
1619,"University of Michigan, Ann Arbor"
1620,Swiss Federal Institute of Technology in Zurich
1621,University of Wisconsin–Madison
1622,University of Washington - Seattle
1623,University of Illinois at Urbana–Champaign
1624,École normale supérieure - Paris
1625,"Purdue University, West Lafayette"
1626,University of Pittsburgh - Pittsburgh Campus
1627,"Pennsylvania State University, University Park"
1628,"Ohio State University, Columbus"
1629,Rutgers University-New Brunswick
1630,University of Paris-Sud
1631,Pierre-and-Marie-Curie University
1632,University of Texas Southwestern Medical Center
1633,Ruprecht Karl University of Heidelberg
1634,Ludwig Maximilian University of Munich
1635,Katholieke Universiteit Leuven
1636,University of Texas MD Anderson Cancer Center
1637,Swiss Federal Institute of Technology in Lausanne
1638,"Texas A&M University, College Station"
1639,University of Queensland
1640,Indiana University - Bloomington
1641,University of Colorado Denver
1642,Paris Diderot University - Paris 7
1643,Technion – Israel Institute of Technology
1644,Albert Ludwig University of Freiburg
1645,Indiana University-Purdue University Indianapolis
1646,Oregon Health & Science University
1647,University of Massachusetts Medical School
1648,"Trinity College, Dublin"
1649,University of South Florida - Tampa
1650,University of Missouri–Columbia
1651,University of Texas Health Science Center at San Antonio
1652,Julius-Maximilian's University of Würzburg
1653,Paul Sabatier University - Toulouse III
1654,University of Texas Health Science Center at Houston
1655,University of Düsseldorf
1656,Colorado State University - Fort Collins
1657,Wageningen University and Research Centre
1658,London School of Economics
1659,City College of New York
1660,University of Louisville
1661,Leipzig University
1662,University of Nebraska–Lincoln
1663,University of Rome Tor Vergata
1664,Vita-Salute San Raffaele University
1665,"St George's, University of London"
1666,University of Oklahoma - Norman Campus
1667,Wesleyan University
1668,University of New Hampshire
1669,College of William and Mary
1670,Versailles Saint-Quentin-en-Yvelines University
1671,Saarland University
1672,Darmstadt University of Technology
1673,University of Texas Medical Branch at Galveston
1674,"Washington State University, Pullman"
1675,"University at Albany, SUNY"
1676,Xi'an Jiaotong University
1677,Innsbruck Medical University
1678,University of Alabama - Tuscaloosa
1679,University of Verona
1680,Oklahoma State University–Stillwater
1681,Georgia Regents University
1682,University of Denver
1683,University of Arkansas for Medical Sciences
1684,Grenoble Institute of Technology
1685,Gyeongsang National University
1686,Loyola University Chicago
1687,West Virginia University
1688,University of Dayton
1689,"University of Nevada, Reno"
1690,Texas Tech University (TTU)
1691,University of Oklahoma Health Sciences Center
1692,University of Nebraska Omaha
1693,University of Hanover
1694,Martin Luther University of Halle-Wittenberg
1695,University of Savoy
1696,University of Udine
1697,University of Wisconsin–Milwaukee
1698,University of Tokushima
1699,SUNY Downstate Medical Center
1700,University of Potsdam
1701,University of Mississippi - Oxford Campus
1702,Graduate University for Advanced Studies
1703,University of Tromsø - The Arctic University of Norway
1704,Otto-von-Guericke University Magdeburg
1705,University of Windsor
1706,University of Akron
1707,New York Medical College
1708,École Centrale Paris
1709,University of Arkansas - Fayetteville
1710,University of Lübeck
1711,University of Missouri–Kansas City
1712,Tokyo Women's Medical University
1713,Dongguk University
1714,University Lille 1: Sciences and Technologies
1715,Baylor University
1716,Central China Normal University
1717,Second University of Naples
1718,International School for Advanced Studies
1719,National Polytechnic Institute of Toulouse
1720,Federal University of São Paulo
1721,Southern Illinois University Carbondale
1722,Cranfield University
1723,Nagoya City University
1724,LSU Health Sciences Center New Orleans
1725,Tata Institute of Fundamental Research
1726,Mississippi State University
1727,Gunma University
1728,University of New Orleans
1729,"Putra University, Malaysia"
1730,Universidade Nova de Lisboa
1731,Soochow University (Suzhou)
1732,Texas A&M Health Science Center
1733,Lille 2 University of Health and Law
1734,Kagoshima University
1735,Louisiana Tech University
1736,"University of Eastern Piedmont Amedeo Avogadro"""""
1737,Open University (UK)
1738,Paris-Est Créteil Val-de-Marne University
1739,State University of New York Upstate Medical University
1740,Braunschweig University of Technology
1741,Northeast Normal University
1742,Beijing University of Chemical Technology
1743,Northern Illinois University
1744,Rovira i Virgili University
1745,Binghamton University
1746,Shizuoka University
1747,Albany Medical College
1748,University of Los Andes (Colombia)
1749,Donghua University
1750,University of the Balearic Islands
1751,University of Québec at Montreal
1752,"UNESP, São Paulo State University"
1753,Loma Linda University
1754,University of Toyama
1755,"University of Maine, Orono"
1756,University of Paris 13
1757,University of Girona
1758,University of Poitiers
1759,University of Insubria
1760,Banaras Hindu University
1761,University of L'Aquila
1762,University of Alicante
1763,University of Ulster
1764,"University of Nevada, Las Vegas"
1765,University of Messina
1766,Kaiserslautern University of Technology
1767,University of Málaga
1768,"University François Rabelais, Tours"
1769,Roma Tre University
1770,University of Salerno
1771,Fuzhou University
1772,China Medical University (Taiwan)
1773,University of Cantabria
1774,San Francisco State University
1775,Sapporo Medical University
1776,Marquette University
1777,École normale supérieure de Cachan
1778,Jichi Medical University
1779,"Rutgers, The State University of New Jersey - Newark"
1780,"Palacký University, Olomouc"
1781,Ankara University
1782,Toho University
1783,Kyoto Prefectural University of Medicine
1784,Université de Namur
1785,Kitasato University
1786,Hasselt University
1787,University of Córdoba (Spain)
1788,Åbo Akademi University
1789,Kindai University
1790,University of Castilla–La Mancha
1791,University of Augsburg
1792,"Paul Valéry University, Montpellier III"
1793,University of Mons
1794,"University of Natural Resources and Life Sciences, Vienna"
1795,National University of La Plata
1796,University of Calabria
1797,University of Memphis
1798,"G. d'Annunzio University, Chieti-Pescara"
1799,University of Missouri–St. Louis
1800,University of Évry Val d'Essonne
1801,University of Alabama in Huntsville
1802,University of Salzburg
1803,University of Mississippi Medical Center
1804,University of Yamanashi
1805,Yamagata University
1806,East Carolina University
1807,University of Hyogo
1808,University of Picardie Jules Verne
1809,Northern Arizona University
1810,Miguel Hernández University of Elche
1811,Kurume University
1812,Institut national des sciences Appliquées de Lyon
1813,Saga University
1814,Jikei University School of Medicine
1815,Second Military Medical University
1816,Jawaharlal Nehru Centre for Advanced Scientific Research
1817,"University of North Texas, Denton"
1818,Ege University
1819,Mie University
1820,École Polytechnique de Montréal
1821,National Polytechnic Institute
1822,Jacobs University Bremen
1823,Norwegian University of Life Sciences
1824,North Dakota State University - Main Campus
1825,University of North Carolina at Charlotte
1826,Zhengzhou University
1827,University of Caen Lower Normandy
1828,Saitama Medical University
1829,University of Oldenburg
1830,Magna Græcia University of Catanzaro
1831,Nanjing University of Science and Technology
1832,University of Concepción
1833,Chungbuk National University
1834,Jaume I University
1835,Bowling Green State University
1836,Nanjing University of Technology
1837,University of New England (Australia)
1838,Kangwon National University
1839,Inje University
1840,University of Franche-Comté
1841,University of Sassari
1842,University of Perpignan Via Domitia
1843,University of Massachusetts Boston
1844,Rio de Janeiro State University
1845,Nagoya Institute of Technology
1846,Jiangnan University
1847,"University of Wales, Trinity Saint David"
1848,University of Rouen
1849,The Catholic University of America
1850,Wright State University - Dayton
1851,Dankook University
1852,Clarkson University
1853,Kōchi University
1854,University of Miyazaki
1855,University of Electro-Communications
1856,University of Valladolid
1857,University of South Alabama
1858,Sofia University
1859,University of Veterinary Medicine Vienna
1860,Hunter College
1861,"All India Institute of Medical Sciences, New Delhi"
1862,Gazi University
1863,University of the Ryukyus
1864,Florida Atlantic University
1865,University of Siegen
1866,Huazhong Agricultural University
1867,University of Angers
1868,Brock University
1869,Fukuoka University
1870,Hamamatsu University School of Medicine
1871,Nanjing Normal University
1872,Nanjing Agricultural University
1873,University of the Republic (Uruguay)
1874,University of New Brunswick
1875,Northeastern University (China)
1876,University of Extremadura
1877,"Royal Veterinary College, University of London"
1878,University of Osnabrück
1879,Northwest University (China)
1880,Chosun University
1881,University of Orléans
1882,Jean Monnet University
1883,École centrale de Lyon
1884,University of Western Sydney
1885,Hefei University of Technology
1886,University of Massachusetts Lowell
1887,Kyoto Institute of Technology
1888,Shanghai Normal University
1889,Southwest University
1890,Adam Mickiewicz University in Poznań
1891,"Queens College, City University of New York"
1892,University of Lleida
1893,Nanjing University of Aeronautics and Astronautics
1894,University of Western Brittany
1895,Pukyong National University
1896,Fourth Military Medical University
1897,University of Fukui
1898,Shimane University
1899,University of Thessaly
1900,Wilfrid Laurier University
1901,Teikyo University
1902,Trent University
1903,Nicolaus Copernicus University in Toruń
1904,Tarbiat Modares University
1905,University of North Dakota
1906,Fluminense Federal University
1907,National Taiwan University of Science and Technology
1908,University of Lethbridge
1909,University of Camerino
1910,University of Wrocław
1911,University of Basilicata
1912,South China Normal University
1913,University of Hyderabad
1914,Ritsumeikan University
1915,University of Cádiz
1916,Shahid Beheshti University of Medical Sciences
1917,Federal University of Paraná
1918,University of Jaén
1919,"University of California, Merced"
1920,Federal University of Pernambuco
1921,University of Almería
1922,Yangzhou University
1923,Wrocław University of Technology
1924,Hirosaki University
1925,Jiangsu University
1926,Xiangtan University
1927,Gachon University
1928,Hallym University
1929,Harbin Engineering University
1930,Dokuz Eylül University
1931,Jinan University
1932,Shiraz University
1933,Third Military Medical University
1934,Public University of Navarre
1935,Federal University of ABC
1936,University of Puerto Rico at Mayagüez
1937,Southern Medical University
1938,University of Silesia
1939,Ain Shams University
1940,University of Valenciennes and Hainaut-Cambresis
1941,Chung Shan Medical University
1942,National University of Colombia
1943,South China Agricultural University
1944,Ibaraki University
1945,Hunan Normal University
1946,Ulsan National Institute of Science and Technology
1947,Federal University of Santa Maria
1948,Shenzhen University
1949,Tianjin Medical University
1950,Beijing University of Technology
1951,University of Reims Champagne-Ardenne
1952,China Medical University (PRC)
1953,Zhejiang University of Technology
1954,Babeș-Bolyai University
1955,Mansoura University
1956,University of Pau and Pays de l'Adour
1957,Henan Normal University
1958,Southwest Jiaotong University
1959,Ryerson University
1960,University of the Algarve
1961,Federal University of Ceará
1962,China Pharmaceutical University